{
  "city_slug": "maceio",
  "aoi_path": "data/interim/aoi_buffered_hard_cities/maceio_buffered_2500m.gpkg",
  "n_inventory_rows": 7,
  "n_valid_ocm_scenes": 7,
  "reference_scene_dir": "/media/HALLOPEAU/T7/raw_backup/maceio/2022/s2_planetary_multiscene_12band_v3/scenes/S2A_MSIL2A_20220318T124321_R009_T24LZQ_20220319T035146",
  "reference_raster_path": "/media/HALLOPEAU/T7/raw_backup/maceio/2022/s2_planetary_multiscene_12band_v3/scenes/S2A_MSIL2A_20220318T124321_R009_T24LZQ_20220319T035146/B02.tif",
  "reference_crs": "EPSG:32724",
  "reference_transform": [
    10.0,
    0.0,
    799980.0,
    0.0,
    -10.0,
    9000040.0,
    0.0,
    0.0,
    1.0
  ],
  "reference_res_x": 10.0,
  "reference_res_y": 10.0,
  "reference_width": 10980,
  "reference_height": 10980,
  "reference_dtype": "uint16",
  "reference_nodata": 0.0,
  "aoi_bounds_in_reference_crs": [
    849577.4655247245,
    8926313.607836828,
    878643.6087596598,
    8951739.661496477
  ],
  "snapped_bounds": [
    849570.0,
    8926310.0,
    878650.0,
    8951740.0
  ],
  "grid_width": 2908,
  "grid_height": 2543,
  "grid_transform": [
    10.0,
    0.0,
    849570.0,
    0.0,
    -10.0,
    8951740.0,
    0.0,
    0.0,
    1.0
  ],
  "grid_nodata": 0
}