{
  "city_slug": "joao_pessoa",
  "aoi_path": "data/interim/aoi_buffered_hard_cities/joao_pessoa_buffered_2500m.gpkg",
  "n_inventory_rows": 6,
  "n_valid_ocm_scenes": 6,
  "reference_scene_dir": "/media/HALLOPEAU/T7/raw_backup/joao_pessoa/2022/s2_planetary_multiscene_12band_v3/scenes/S2A_MSIL2A_20220216T124321_R009_T25MBN_20220224T044429",
  "reference_raster_path": "/media/HALLOPEAU/T7/raw_backup/joao_pessoa/2022/s2_planetary_multiscene_12band_v3/scenes/S2A_MSIL2A_20220216T124321_R009_T25MBN_20220224T044429/B02.tif",
  "reference_crs": "EPSG:32725",
  "reference_transform": [
    10.0,
    0.0,
    199980.0,
    0.0,
    -10.0,
    9300040.0,
    0.0,
    0.0,
    1.0
  ],
  "reference_res_x": 10.0,
  "reference_res_y": 10.0,
  "reference_width": 10980,
  "reference_height": 10980,
  "reference_dtype": "uint16",
  "reference_nodata": 0.0,
  "aoi_bounds_in_reference_crs": [
    284230.15363271366,
    9199255.927085167,
    304226.9476141798,
    9221616.16340471
  ],
  "snapped_bounds": [
    284230.0,
    9199250.0,
    304230.0,
    9221620.0
  ],
  "grid_width": 2000,
  "grid_height": 2237,
  "grid_transform": [
    10.0,
    0.0,
    284230.0,
    0.0,
    -10.0,
    9221620.0,
    0.0,
    0.0,
    1.0
  ],
  "grid_nodata": 0
}