{
  "city_slug": "belem",
  "aoi_path": "data/interim/aoi_buffered_hard_cities/belem_buffered_2500m.gpkg",
  "n_inventory_rows": 6,
  "n_valid_ocm_scenes": 6,
  "reference_scene_dir": "/media/HALLOPEAU/T7/raw_backup/belem/2022/s2_planetary_multiscene_12band_v3/scenes/S2A_MSIL2A_20220624T133851_R124_T22MGD_20220625T050550",
  "reference_raster_path": "/media/HALLOPEAU/T7/raw_backup/belem/2022/s2_planetary_multiscene_12band_v3/scenes/S2A_MSIL2A_20220624T133851_R124_T22MGD_20220625T050550/B02.tif",
  "reference_crs": "EPSG:32722",
  "reference_transform": [
    10.0,
    0.0,
    699960.0,
    0.0,
    -10.0,
    9900040.0,
    0.0,
    0.0,
    1.0
  ],
  "reference_res_x": 10.0,
  "reference_res_y": 10.0,
  "reference_width": 10980,
  "reference_height": 10980,
  "reference_dtype": "uint16",
  "reference_nodata": 0.0,
  "aoi_bounds_in_reference_crs": [
    774817.5952966997,
    9833857.75148859,
    799907.8332638456,
    9885182.599912608
  ],
  "snapped_bounds": [
    774810.0,
    9833850.0,
    799910.0,
    9885190.0
  ],
  "grid_width": 2510,
  "grid_height": 5134,
  "grid_transform": [
    10.0,
    0.0,
    774810.0,
    0.0,
    -10.0,
    9885190.0,
    0.0,
    0.0,
    1.0
  ],
  "grid_nodata": 0
}